"Status","Start Time","Stop Time","Duration in ms","Parent Suite","Suite","Sub Suite","Test Class","Test Method","Name","Description"
"passed","Tue May 20 01:56:10 MSK 2025","Tue May 20 01:56:39 MSK 2025","28751","","Критические дымовые тесты - Справочники - Запись","","","","Запись элемента группы справочника ""Номенклатура"" (Номенклатура)",""
"failed","Mon May 19 23:50:43 MSK 2025","Mon May 19 23:50:57 MSK 2025","14599","","Критические дымовые тесты - Документы - Открытие, проведение, запись","","","","Запись элемента документа ""Отчет о розничных возвратах"" (ОтчетОРозничныхВозвратах)",""
"failed","Mon May 19 23:33:36 MSK 2025","Mon May 19 23:33:51 MSK 2025","14996","","Казуальные дымовые тесты - Документы - Открытие, проведение, запись","","","","Запись элемента документа ""Возврат товаров между организациями"" (ВозвратТоваровМеждуОрганизациями)",""
"passed","Tue May 20 00:05:15 MSK 2025","Tue May 20 00:12:15 MSK 2025","419688","","Казуальные дымовые тесты - Справочники - Запись","","","","Запись элемента группы справочника ""Скидки (наценки)"" (СкидкиНаценки)",""
"passed","Mon May 19 23:46:05 MSK 2025","Mon May 19 23:46:16 MSK 2025","10573","","Критические дымовые тесты - Документы - Открытие, проведение, запись","","","","Запись элемента документа ""Складское перемещение товаров"" (ТСД_ПеремещениеТоваров)",""
"failed","Mon May 19 23:54:23 MSK 2025","Mon May 19 23:54:38 MSK 2025","14337","","Критические дымовые тесты - Документы - Открытие, проведение, запись","","","","Запись элемента документа ""Порча товаров"" (ПорчаТоваров)",""
"passed","Tue May 20 01:54:56 MSK 2025","Tue May 20 01:55:19 MSK 2025","23215","","Критические дымовые тесты - Справочники - Запись","","","","Закрыть окно о копии базы",""
"passed","Tue May 20 01:58:53 MSK 2025","Tue May 20 01:59:01 MSK 2025","7470","","Критические дымовые тесты - Справочники - Запись","","","","Запись элемента справочника ""Номера ГТД"" (НомераГТД)",""
"passed","Tue May 20 01:52:21 MSK 2025","Tue May 20 01:52:26 MSK 2025","4864","","Казуальные дымовые тесты - Справочники - Запись","","","","Запись элемента справочника ""Виды работ"" (ВидыРабот)",""
"passed","Mon May 19 23:29:43 MSK 2025","Mon May 19 23:29:51 MSK 2025","7463","","Казуальные дымовые тесты - Документы - Открытие, проведение, запись","","","","Запись элемента документа ""Сообщение SMS"" (СообщениеSMS)",""
"passed","Tue May 20 01:52:44 MSK 2025","Tue May 20 01:52:53 MSK 2025","8711","","Казуальные дымовые тесты - Справочники - Запись","","","","Запись элемента справочника ""Графики работы"" (Календари)",""
"passed","Tue May 20 01:17:54 MSK 2025","Tue May 20 01:18:21 MSK 2025","26905","","Казуальные дымовые тесты - Справочники - Запись","","","","Запись элемента группы справочника ""Источники данных сводных таблиц"" (ИсточникиДанныхСводныхТаблиц)",""
"failed","Tue May 20 01:16:50 MSK 2025","Tue May 20 01:17:03 MSK 2025","13028","","Казуальные дымовые тесты - Справочники - Запись","","","","Запись элемента справочника ""Предопределенные варианты отчетов расширений"" (ПредопределенныеВариантыОтчетовРасширений)",""
"passed","Mon May 19 23:16:15 MSK 2025","Mon May 19 23:16:17 MSK 2025","1634","","Создание Заказа клиента и сборки","","","","Закрываем клиент тестирования",""
"failed","Mon May 19 23:21:58 MSK 2025","Mon May 19 23:22:14 MSK 2025","15902","","Казуальные дымовые тесты - Документы - Открытие, проведение, запись","","","","Запись элемента документа ""Установка цен номенклатуры"" (УстановкаЦенНоменклатуры)",""
"passed","Tue May 20 01:16:19 MSK 2025","Tue May 20 01:16:50 MSK 2025","30857","","Казуальные дымовые тесты - Справочники - Запись","","","","Запись элемента справочника ""Варианты отчетов (БИТ)"" (бит_ВариантыОтчетов)",""
"failed","Mon May 19 23:58:44 MSK 2025","Mon May 19 23:58:58 MSK 2025","13934","","Критические дымовые тесты - Документы - Открытие, проведение, запись","","","","Запись элемента документа ""Ордер на отражение пересортицы товаров"" (ОрдерНаОтражениеПересортицыТоваров)",""
"passed","Tue May 20 00:56:40 MSK 2025","Tue May 20 00:56:48 MSK 2025","7892","","Казуальные дымовые тесты - Справочники - Запись","","","","Запись элемента справочника ""Основная бизнес-классификация"" (ИерархияБизнеса)",""
"passed","Tue May 20 00:56:30 MSK 2025","Tue May 20 00:56:40 MSK 2025","9627","","Казуальные дымовые тесты - Справочники - Запись","","","","Запись элемента справочника ""Потенциальные клиенты"" (CRM_ПотенциальныеКлиенты)",""
"passed","Tue May 20 01:07:32 MSK 2025","Tue May 20 01:07:44 MSK 2025","11832","","Казуальные дымовые тесты - Справочники - Запись","","","","Запись элемента группы справочника ""Товарные категории"" (ТоварныеКатегории)",""
"passed","Mon May 19 23:29:51 MSK 2025","Mon May 19 23:30:33 MSK 2025","41498","","Казуальные дымовые тесты - Документы - Открытие, проведение, запись","","","","Запись элемента документа ""Назначение соответствия аналитик"" (бит_НазначениеСоответствияАналитик)",""
"passed","Tue May 20 01:45:29 MSK 2025","Tue May 20 01:45:39 MSK 2025","9834","","Казуальные дымовые тесты - Справочники - Запись","","","","Запись элемента справочника ""Кассы"" (Кассы)",""
"failed","Mon May 19 23:57:33 MSK 2025","Mon May 19 23:57:49 MSK 2025","15631","","Критические дымовые тесты - Документы - Открытие, проведение, запись","","","","Запись элемента документа ""Акт выполненных работ для клиента"" (АктВыполненныхРабот)",""
"passed","Tue May 20 01:02:57 MSK 2025","Tue May 20 01:03:05 MSK 2025","7854","","Казуальные дымовые тесты - Справочники - Запись","","","","Запись элемента справочника ""ТН ВЭД"" (КлассификаторТНВЭД)",""
"passed","Tue May 20 00:02:30 MSK 2025","Tue May 20 00:02:38 MSK 2025","7836","","Казуальные дымовые тесты - Справочники - Запись","","","","Запись элемента справочника ""Упаковки и единицы измерения"" (УпаковкиЕдиницыИзмерения)",""
"passed","Tue May 20 01:59:32 MSK 2025","Tue May 20 01:59:48 MSK 2025","15769","","Критические дымовые тесты - Справочники - Запись","","","","Запись элемента справочника ""Виды запасов"" (ВидыЗапасов)",""
"passed","Tue May 20 00:55:54 MSK 2025","Tue May 20 00:56:25 MSK 2025","30903","","Казуальные дымовые тесты - Справочники - Запись","","","","Запись элемента справочника ""Дополнительные значения аналитик и субконто"" (бит_ДополнительныеЗначенияАналитик)",""
"passed","Tue May 20 00:02:22 MSK 2025","Tue May 20 00:02:30 MSK 2025","8004","","Казуальные дымовые тесты - Справочники - Запись","","","","Запись элемента справочника ""Ключи аналитики учета по партнерам"" (КлючиАналитикиУчетаПоПартнерам)",""
"passed","Tue May 20 00:03:15 MSK 2025","Tue May 20 00:03:23 MSK 2025","7778","","Казуальные дымовые тесты - Справочники - Запись","","","","Запись элемента справочника ""Ключи аналитики учета партий"" (КлючиАналитикиУчетаПартий)",""
"failed","Mon May 19 23:31:49 MSK 2025","Mon May 19 23:32:05 MSK 2025","16476","","Казуальные дымовые тесты - Документы - Открытие, проведение, запись","","","","Запись элемента документа ""Корректировка приобретения"" (КорректировкаПриобретения)",""
"passed","Mon May 19 23:15:32 MSK 2025","Mon May 19 23:16:15 MSK 2025","43717","","Создание Заказа клиента и сборки","","","","Работа с ТСД",""
"passed","Mon May 19 23:11:08 MSK 2025","Mon May 19 23:11:20 MSK 2025","12249","","Создание Заказа клиента и сборки","","","","Закрыть окно о копии базы",""
"passed","Tue May 20 01:54:44 MSK 2025","Tue May 20 01:54:55 MSK 2025","10902","","Казуальные дымовые тесты - Справочники - Запись","","","","Запись элемента справочника ""Физические лица"" (ФизическиеЛица)",""
"passed","Tue May 20 01:05:41 MSK 2025","Tue May 20 01:05:50 MSK 2025","8295","","Казуальные дымовые тесты - Справочники - Запись","","","","Запись элемента группы справочника ""Дополнительные отчеты и обработки"" (ДополнительныеОтчетыИОбработки)",""
"passed","Tue May 20 01:59:48 MSK 2025","Tue May 20 01:59:49 MSK 2025","1208","","Критические дымовые тесты - Справочники - Запись","","","","Закрываем клиент тестирования",""
"passed","Mon May 19 23:05:10 MSK 2025","Mon May 19 23:05:51 MSK 2025","41382","","Заказ клиента на 10 позиций","","","","сброс пароля пользователя",""
"passed","Tue May 20 01:45:39 MSK 2025","Tue May 20 01:45:43 MSK 2025","4769","","Казуальные дымовые тесты - Справочники - Запись","","","","Запись элемента группы справочника ""Рассылки отчетов"" (РассылкиОтчетов)",""
"passed","Tue May 20 01:50:40 MSK 2025","Tue May 20 01:51:10 MSK 2025","29830","","Казуальные дымовые тесты - Справочники - Запись","","","","Запись элемента справочника ""Виды подарочных сертификатов"" (ВидыПодарочныхСертификатов)",""
"passed","Tue May 20 01:46:08 MSK 2025","Tue May 20 01:46:22 MSK 2025","13592","","Казуальные дымовые тесты - Справочники - Запись","","","","Запись элемента справочника ""Группы пользователей"" (ГруппыПользователей)",""
"passed","Mon May 19 23:24:39 MSK 2025","Mon May 19 23:24:48 MSK 2025","8223","","Казуальные дымовые тесты - Документы - Открытие, проведение, запись","","","","Запись элемента документа ""Финансы маркетплейсов за сутки"" (ФинансыМаркетплейсовЗаСутки)",""
"passed","Tue May 20 00:56:48 MSK 2025","Tue May 20 00:56:56 MSK 2025","7720","","Казуальные дымовые тесты - Справочники - Запись","","","","Запись элемента справочника ""Сообщения (Контур.EDI)"" (КонтурEDI_Сообщения)",""
"passed","Tue May 20 01:06:47 MSK 2025","Tue May 20 01:06:55 MSK 2025","7739","","Казуальные дымовые тесты - Справочники - Запись","","","","Запись элемента справочника ""Детали тренажеров"" (ДеталиТренажеров)",""
"failed","Mon May 19 23:35:49 MSK 2025","Mon May 19 23:36:04 MSK 2025","15814","","Казуальные дымовые тесты - Документы - Открытие, проведение, запись","","","","Запись элемента документа ""Возврат товаров поставщику"" (ВозвратТоваровПоставщику)",""
"failed","Tue May 20 01:56:39 MSK 2025","Tue May 20 01:57:14 MSK 2025","35631","","Критические дымовые тесты - Справочники - Запись","","","","Запись элемента справочника ""Номенклатура"" (Номенклатура)",""
"passed","Tue May 20 01:55:54 MSK 2025","Tue May 20 01:56:02 MSK 2025","7418","","Критические дымовые тесты - Справочники - Запись","","","","Запись элемента справочника ""Города служб доставки (api-ship)"" (шип_ГородаСлужбДоставки)",""
"passed","Tue May 20 01:48:29 MSK 2025","Tue May 20 01:50:18 MSK 2025","108873","","Казуальные дымовые тесты - Справочники - Запись","","","","Запись элемента справочника ""Организации"" (Организации)",""
"passed","Tue May 20 01:06:55 MSK 2025","Tue May 20 01:07:16 MSK 2025","20809","","Казуальные дымовые тесты - Справочники - Запись","","","","Запись элемента справочника ""Подключаемое оборудование"" (ПодключаемоеОборудование)",""
"failed","Mon May 19 23:36:10 MSK 2025","Mon May 19 23:36:24 MSK 2025","14282","","Казуальные дымовые тесты - Документы - Открытие, проведение, запись","","","","Запись элемента документа ""Отражение прочих доходов и расходов"" (ПрочиеДоходыРасходы)",""
"failed","Mon May 19 23:57:09 MSK 2025","Mon May 19 23:57:25 MSK 2025","15376","","Критические дымовые тесты - Документы - Открытие, проведение, запись","","","","Запись элемента документа ""Бронирование тендеров"" (БронированиеТендеров)",""
"passed","Tue May 20 01:13:41 MSK 2025","Tue May 20 01:13:51 MSK 2025","9794","","Казуальные дымовые тесты - Справочники - Запись","","","","Запись элемента справочника ""Настройки загрузки номенклатуры"" (НастройкиЗагрузкиНоменклатуры)",""
"passed","Mon May 19 23:11:20 MSK 2025","Mon May 19 23:15:23 MSK 2025","242136","","Создание Заказа клиента и сборки","","","","Создание Заказа клиента и сборки",""
"passed","Tue May 20 01:15:08 MSK 2025","Tue May 20 01:15:16 MSK 2025","7836","","Казуальные дымовые тесты - Справочники - Запись","","","","Запись элемента справочника ""Страны мира"" (СтраныМира)",""
"passed","Mon May 19 23:56:41 MSK 2025","Mon May 19 23:56:50 MSK 2025","9046","","Критические дымовые тесты - Документы - Открытие, проведение, запись","","","","Запись элемента документа ""Детализация расчета DDP"" (ДетализацияРасчетаDDP)",""
"passed","Mon May 19 23:27:10 MSK 2025","Mon May 19 23:27:45 MSK 2025","34388","","Казуальные дымовые тесты - Документы - Открытие, проведение, запись","","","","Запись элемента документа ""Расчет себестоимости товаров"" (РасчетСебестоимостиТоваров)",""
"failed","Mon May 19 23:52:10 MSK 2025","Mon May 19 23:52:23 MSK 2025","13918","","Критические дымовые тесты - Документы - Открытие, проведение, запись","","","","Запись элемента документа ""Возврат на FBO"" (ПеремещениеТоваровЗаказа)",""
"failed","Mon May 19 23:56:50 MSK 2025","Mon May 19 23:57:04 MSK 2025","13712","","Критические дымовые тесты - Документы - Открытие, проведение, запись","","","","Запись элемента документа ""Ордер на отражение недостач товаров"" (ОрдерНаОтражениеНедостачТоваров)",""
"failed","Mon May 19 23:54:44 MSK 2025","Mon May 19 23:54:58 MSK 2025","14920","","Критические дымовые тесты - Документы - Открытие, проведение, запись","","","","Запись элемента документа ""Корректировка назначения товаров"" (КорректировкаНазначенияТоваров)",""
"passed","Mon May 19 23:51:23 MSK 2025","Mon May 19 23:51:50 MSK 2025","26463","","Критические дымовые тесты - Документы - Открытие, проведение, запись","","","","Запись элемента документа ""Заказ поставщику"" (ЗаказПоставщику)",""
"passed","Tue May 20 01:59:01 MSK 2025","Tue May 20 01:59:32 MSK 2025","30843","","Критические дымовые тесты - Справочники - Запись","","","","Запись элемента справочника ""Отчеты"" (ВариантыОтчетов)",""
"failed","Mon May 19 23:22:55 MSK 2025","Mon May 19 23:23:08 MSK 2025","13677","","Казуальные дымовые тесты - Документы - Открытие, проведение, запись","","","","Запись элемента документа ""Рекламация"" (Рекламация)",""
"passed","Tue May 20 01:53:18 MSK 2025","Tue May 20 01:53:26 MSK 2025","7779","","Казуальные дымовые тесты - Справочники - Запись","","","","Запись элемента справочника ""Настройки подключения (АИСО)"" (аисо_НастройкиПодключения)",""
"passed","Tue May 20 01:46:50 MSK 2025","Tue May 20 01:47:21 MSK 2025","30885","","Казуальные дымовые тесты - Справочники - Запись","","","","Запись элемента справочника ""ЦФО"" (Подразделения)",""
"passed","Mon May 19 23:59:03 MSK 2025","Mon May 19 23:59:48 MSK 2025","44244","","Критические дымовые тесты - Документы - Открытие, проведение, запись","","","","Запись элемента документа ""Задание на перевозку"" (ЗаданиеНаПеревозку)",""
"passed","Tue May 20 01:15:36 MSK 2025","Tue May 20 01:15:45 MSK 2025","8793","","Казуальные дымовые тесты - Справочники - Запись","","","","Запись элемента справочника ""Условия предоставления скидок (наценок)"" (УсловияПредоставленияСкидокНаценок)",""
"passed","Tue May 20 01:07:44 MSK 2025","Tue May 20 01:07:53 MSK 2025","8813","","Казуальные дымовые тесты - Справочники - Запись","","","","Запись элемента справочника ""Товарные категории"" (ТоварныеКатегории)",""
"failed","Mon May 19 23:34:59 MSK 2025","Mon May 19 23:35:12 MSK 2025","13749","","Казуальные дымовые тесты - Документы - Открытие, проведение, запись","","","","Запись элемента документа ""Реализация подарочных сертификатов"" (РеализацияПодарочныхСертификатов)",""
"passed","Mon May 19 23:55:51 MSK 2025","Mon May 19 23:56:20 MSK 2025","28179","","Критические дымовые тесты - Документы - Открытие, проведение, запись","","","","Запись элемента документа ""Маркетинговая акция"" (МаркетинговаяАкция)",""
"failed","Mon May 19 23:57:54 MSK 2025","Mon May 19 23:58:14 MSK 2025","19463","","Критические дымовые тесты - Документы - Открытие, проведение, запись","","","","Запись элемента документа ""Чек ККМ на возврат"" (ЧекККМВозврат)",""
"passed","Tue May 20 01:18:21 MSK 2025","Tue May 20 01:18:29 MSK 2025","7886","","Казуальные дымовые тесты - Справочники - Запись","","","","Запись элемента справочника ""Источники данных сводных таблиц"" (ИсточникиДанныхСводныхТаблиц)",""
"passed","Tue May 20 01:14:56 MSK 2025","Tue May 20 01:15:08 MSK 2025","11785","","Казуальные дымовые тесты - Справочники - Запись","","","","Запись элемента справочника ""Виды цен (Колонки прайс-листа)"" (ВидыЦен)",""
"failed","Mon May 19 23:41:37 MSK 2025","Mon May 19 23:41:52 MSK 2025","14874","","Критические дымовые тесты - Документы - Открытие, проведение, запись","","","","Запись элемента документа ""Расходный ордер на товары"" (РасходныйОрдерНаТовары)",""
"passed","Mon May 19 23:17:44 MSK 2025","Mon May 19 23:17:46 MSK 2025","1835","","проверка формирования УПД","","","","Закрываем клиент тестирования",""
"failed","Mon May 19 23:35:18 MSK 2025","Mon May 19 23:35:33 MSK 2025","14381","","Казуальные дымовые тесты - Документы - Открытие, проведение, запись","","","","Запись элемента документа ""Отчет по комиссии между организациями"" (ОтчетПоКомиссииМеждуОрганизациями)",""
"failed","Mon May 19 23:51:50 MSK 2025","Mon May 19 23:52:04 MSK 2025","13717","","Критические дымовые тесты - Документы - Открытие, проведение, запись","","","","Запись элемента документа ""Прием товаров"" (ТСД_ПриемТоваров)",""
"passed","Mon May 19 23:50:32 MSK 2025","Mon May 19 23:50:43 MSK 2025","10492","","Критические дымовые тесты - Документы - Открытие, проведение, запись","","","","Запись элемента документа ""Реестр отгрузки"" (РеестрОтгрузки)",""
"failed","Mon May 19 23:54:02 MSK 2025","Mon May 19 23:54:17 MSK 2025","14976","","Критические дымовые тесты - Документы - Открытие, проведение, запись","","","","Запись элемента документа ""Корректировка задолженности"" (КорректировкаЗадолженности)",""
"passed","Tue May 20 01:45:13 MSK 2025","Tue May 20 01:45:21 MSK 2025","7637","","Казуальные дымовые тесты - Справочники - Запись","","","","Запись элемента справочника ""Роли исполнителей"" (РолиИсполнителей)",""
"passed","Mon May 19 23:37:26 MSK 2025","Mon May 19 23:37:38 MSK 2025","11557","","Казуальные дымовые тесты - Документы - Открытие, проведение, запись","","","","Запись элемента документа ""Начисления и выплаты сборщикам товаров"" (НачисленияИВыплатыСборщикамТоваров)",""
"passed","Mon May 19 23:34:18 MSK 2025","Mon May 19 23:34:47 MSK 2025","28477","","Казуальные дымовые тесты - Документы - Открытие, проведение, запись","","","","Запись элемента документа ""Закрытие заказов"" (ЗакрытиеЗаказов_ФА)",""
"passed","Tue May 20 01:57:53 MSK 2025","Tue May 20 01:58:19 MSK 2025","25736","","Критические дымовые тесты - Справочники - Запись","","","","Запись элемента справочника ""Партнеры"" (Партнеры)",""
"failed","Mon May 19 23:46:16 MSK 2025","Mon May 19 23:46:37 MSK 2025","21745","","Критические дымовые тесты - Документы - Открытие, проведение, запись","","","","Запись элемента документа ""Заказ на перемещение"" (ЗаказНаПеремещение)",""
"passed","Tue May 20 01:53:42 MSK 2025","Tue May 20 01:54:44 MSK 2025","61800","","Казуальные дымовые тесты - Справочники - Запись","","","","Запись элемента группы справочника ""Физические лица"" (ФизическиеЛица)",""
"passed","Tue May 20 01:45:08 MSK 2025","Tue May 20 01:45:13 MSK 2025","4838","","Казуальные дымовые тесты - Справочники - Запись","","","","Запись элемента справочника ""Причины уценки оборудования"" (ПричиныУценкиОборудования)",""
"failed","Mon May 19 23:25:07 MSK 2025","Mon May 19 23:25:22 MSK 2025","15192","","Казуальные дымовые тесты - Документы - Открытие, проведение, запись","","","","Запись элемента документа ""Отчет комиссионера (агента) о продажах"" (ОтчетКомиссионера)",""
"passed","Mon May 19 23:16:31 MSK 2025","Mon May 19 23:16:42 MSK 2025","11178","","Заявка на расход ДС","","","","Настройка лицензий БИТ",""
"passed","Tue May 20 01:09:10 MSK 2025","Tue May 20 01:09:40 MSK 2025","29700","","Казуальные дымовые тесты - Справочники - Запись","","","","Запись элемента группы справочника ""Склады"" (Склады)",""
"passed","Tue May 20 01:53:34 MSK 2025","Tue May 20 01:53:42 MSK 2025","7742","","Казуальные дымовые тесты - Справочники - Запись","","","","Запись элемента справочника ""Коробки номенклатуры"" (КоробкиНоменклатуры)",""
"failed","Mon May 19 23:47:06 MSK 2025","Mon May 19 23:47:23 MSK 2025","16294","","Критические дымовые тесты - Документы - Открытие, проведение, запись","","","","Запись элемента документа ""Возврат товаров от клиента"" (ВозвратТоваровОтКлиента)",""
"passed","Tue May 20 00:05:07 MSK 2025","Tue May 20 00:05:15 MSK 2025","7250","","Казуальные дымовые тесты - Справочники - Запись","","","","Запись элемента справочника ""Розничная классификация"" (РозничнаяКлассификация)",""
"passed","Mon May 19 23:40:49 MSK 2025","Mon May 19 23:41:15 MSK 2025","25600","","Критические дымовые тесты - Документы - Открытие, проведение, запись","","","","Запись элемента документа ""Отражение факта ДДС"" (бит_ОтражениеФактаДДС)",""
"failed","Mon May 19 23:30:54 MSK 2025","Mon May 19 23:31:08 MSK 2025","14666","","Казуальные дымовые тесты - Документы - Открытие, проведение, запись","","","","Запись элемента документа ""Начисления по кредитам и депозитам"" (НачисленияКредитовИДепозитов)",""
"passed","Tue May 20 01:06:20 MSK 2025","Tue May 20 01:06:29 MSK 2025","8314","","Казуальные дымовые тесты - Справочники - Запись","","","","Запись элемента справочника ""Марки (бренды)"" (Марки)",""
"passed","Tue May 20 01:50:32 MSK 2025","Tue May 20 01:50:40 MSK 2025","7974","","Казуальные дымовые тесты - Справочники - Запись","","","","Запись элемента справочника ""Зоны доставки"" (ЗоныДоставки)",""
"failed","Tue May 20 00:00:09 MSK 2025","Tue May 20 00:00:24 MSK 2025","15010","","Критические дымовые тесты - Документы - Открытие, проведение, запись","","","","Запись элемента документа ""Ордер на отражение излишков товаров"" (ОрдерНаОтражениеИзлишковТоваров)",""
"failed","Tue May 20 00:03:23 MSK 2025","Tue May 20 00:03:37 MSK 2025","13845","","Казуальные дымовые тесты - Справочники - Запись","","","","Запись элемента справочника ""Идентификаторы объектов метаданных"" (ИдентификаторыОбъектовМетаданных)",""
"passed","Tue May 20 01:09:40 MSK 2025","Tue May 20 01:12:37 MSK 2025","176848","","Казуальные дымовые тесты - Справочники - Запись","","","","Запись элемента справочника ""Склады"" (Склады)",""
"failed","Mon May 19 23:39:47 MSK 2025","Mon May 19 23:40:01 MSK 2025","14112","","Критические дымовые тесты - Документы - Открытие, проведение, запись","","","","Запись элемента документа ""Регистратор расчетов"" (РегистраторРасчетов)",""
"passed","Tue May 20 01:13:51 MSK 2025","Tue May 20 01:14:00 MSK 2025","8802","","Казуальные дымовые тесты - Справочники - Запись","","","","Запись элемента справочника ""Роли контактных лиц "" (РолиКонтактныхЛицПартнеров)",""
"passed","Tue May 20 01:52:26 MSK 2025","Tue May 20 01:52:34 MSK 2025","7761","","Казуальные дымовые тесты - Справочники - Запись","","","","Запись элемента справочника ""Политики учета серий"" (ПолитикиУчетаСерий)",""
"failed","Mon May 19 23:42:28 MSK 2025","Mon May 19 23:42:44 MSK 2025","15300","","Критические дымовые тесты - Документы - Открытие, проведение, запись","","","","Запись элемента документа ""Поступление безналичных денежных средств"" (ПоступлениеБезналичныхДенежныхСредств)",""
"failed","Mon May 19 23:23:14 MSK 2025","Mon May 19 23:23:29 MSK 2025","14983","","Казуальные дымовые тесты - Документы - Открытие, проведение, запись","","","","Запись элемента документа ""Авансовый отчет"" (АвансовыйОтчет)",""
"failed","Mon May 19 23:55:12 MSK 2025","Mon May 19 23:55:25 MSK 2025","13925","","Критические дымовые тесты - Документы - Открытие, проведение, запись","","","","Запись элемента документа ""Прием возвратов с ТСД"" (ТСД_ВозвратТоваров)",""
"passed","Tue May 20 00:03:59 MSK 2025","Tue May 20 00:04:07 MSK 2025","7871","","Казуальные дымовые тесты - Справочники - Запись","","","","Запись элемента справочника ""Справочник БИК"" (КлассификаторБанков)",""
"passed","Tue May 20 01:52:13 MSK 2025","Tue May 20 01:52:21 MSK 2025","7780","","Казуальные дымовые тесты - Справочники - Запись","","","","Запись элемента справочника ""Правила распределения расходов"" (ПравилаРаспределенияРасходов)",""
"failed","Mon May 19 23:51:03 MSK 2025","Mon May 19 23:51:17 MSK 2025","14289","","Критические дымовые тесты - Документы - Открытие, проведение, запись","","","","Запись элемента документа ""Счет-фактура выданный комиссионеру (агенту)"" (СчетФактураКомиссионеру)",""
"passed","Tue May 20 01:51:49 MSK 2025","Tue May 20 01:51:58 MSK 2025","8720","","Казуальные дымовые тесты - Справочники - Запись","","","","Запись элемента справочника ""Договоры эквайринга"" (ДоговорыЭквайринга)",""
"passed","Tue May 20 01:44:14 MSK 2025","Tue May 20 01:44:28 MSK 2025","13801","","Казуальные дымовые тесты - Справочники - Запись","","","","Запись элемента справочника ""Триггеры"" (CRM_Триггеры)",""
"passed","Mon May 19 23:10:44 MSK 2025","Mon May 19 23:10:46 MSK 2025","2044","","Заказ клиента на 10 позиций","","","","Закрываем клиент тестирования",""
"failed","Mon May 19 23:26:30 MSK 2025","Mon May 19 23:26:44 MSK 2025","13964","","Казуальные дымовые тесты - Документы - Открытие, проведение, запись","","","","Запись элемента документа ""Выемка денежных средств из кассы ККМ"" (ВыемкаДенежныхСредствИзКассыККМ)",""
"passed","Tue May 20 01:17:34 MSK 2025","Tue May 20 01:17:43 MSK 2025","8766","","Казуальные дымовые тесты - Справочники - Запись","","","","Запись элемента справочника ""Шаблоны этикеток и ценников"" (ШаблоныЭтикетокИЦенников)",""
"passed","Tue May 20 01:08:20 MSK 2025","Tue May 20 01:08:28 MSK 2025","7718","","Казуальные дымовые тесты - Справочники - Запись","","","","Запись элемента справочника ""Промокоды"" (Промокоды)",""
"passed","Tue May 20 00:04:07 MSK 2025","Tue May 20 00:04:15 MSK 2025","7792","","Казуальные дымовые тесты - Справочники - Запись","","","","Запись элемента группы справочника ""Дополнительные значения"" (ЗначенияСвойствОбъектов)",""
"passed","Tue May 20 01:05:50 MSK 2025","Tue May 20 01:06:15 MSK 2025","25162","","Казуальные дымовые тесты - Справочники - Запись","","","","Запись элемента справочника ""Дополнительные отчеты и обработки"" (ДополнительныеОтчетыИОбработки)",""
"passed","Tue May 20 01:54:55 MSK 2025","Tue May 20 01:54:56 MSK 2025","1209","","Казуальные дымовые тесты - Справочники - Запись","","","","Закрываем клиент тестирования",""
"failed","Mon May 19 23:06:04 MSK 2025","Mon May 19 23:10:34 MSK 2025","270856","","Заказ клиента на 10 позиций","","","","Заказ клиента на 10 позиций",""
"passed","Tue May 20 01:44:28 MSK 2025","Tue May 20 01:44:38 MSK 2025","9726","","Казуальные дымовые тесты - Справочники - Запись","","","","Запись элемента справочника ""Кассы ККМ"" (КассыККМ)",""
"passed","Tue May 20 01:56:02 MSK 2025","Tue May 20 01:56:10 MSK 2025","7681","","Критические дымовые тесты - Справочники - Запись","","","","Запись элемента справочника ""Ключи аналитики учета номенклатуры"" (КлючиАналитикиУчетаНоменклатуры)",""
"passed","Tue May 20 00:04:15 MSK 2025","Tue May 20 00:04:23 MSK 2025","7809","","Казуальные дымовые тесты - Справочники - Запись","","","","Запись элемента справочника ""Дополнительные значения"" (ЗначенияСвойствОбъектов)",""
"failed","Mon May 19 23:19:42 MSK 2025","Mon May 19 23:19:57 MSK 2025","14185","","Казуальные дымовые тесты - Документы - Открытие, проведение, запись","","","","Запись элемента документа ""Счет-фактура полученный"" (СчетФактураПолученный)",""
"passed","Mon May 19 23:10:46 MSK 2025","Mon May 19 23:10:46 MSK 2025","37","","Создание Заказа клиента и сборки","","","","выключение уведомлений",""
"passed","Tue May 20 01:57:31 MSK 2025","Tue May 20 01:57:39 MSK 2025","7650","","Критические дымовые тесты - Справочники - Запись","","","","Запись элемента справочника ""Серии номенклатуры"" (СерииНоменклатуры)",""
"passed","Mon May 19 23:17:07 MSK 2025","Mon May 19 23:17:35 MSK 2025","27579","","проверка формирования УПД","","","","сброс пароля пользователя",""
"passed","Tue May 20 00:02:38 MSK 2025","Tue May 20 00:02:49 MSK 2025","10715","","Казуальные дымовые тесты - Справочники - Запись","","","","Запись элемента справочника ""Договоры с контрагентами"" (ДоговорыКонтрагентов)",""
"passed","Tue May 20 01:47:57 MSK 2025","Tue May 20 01:48:05 MSK 2025","7894","","Казуальные дымовые тесты - Справочники - Запись","","","","Запись элемента справочника ""Каналы продаж"" (КаналыПродаж)",""
"failed","Tue May 20 00:00:29 MSK 2025","Tue May 20 00:00:44 MSK 2025","14448","","Критические дымовые тесты - Документы - Открытие, проведение, запись","","","","Запись элемента документа ""Сборка товаров"" (СборкаТоваров)",""
"passed","Tue May 20 01:51:10 MSK 2025","Tue May 20 01:51:30 MSK 2025","19727","","Казуальные дымовые тесты - Справочники - Запись","","","","Запись элемента группы справочника ""Направления деятельности"" (НаправленияДеятельности)",""
"passed","Tue May 20 01:02:24 MSK 2025","Tue May 20 01:02:33 MSK 2025","8740","","Казуальные дымовые тесты - Справочники - Запись","","","","Запись элемента справочника ""Сегменты номенклатуры"" (СегментыНоменклатуры)",""
"passed","Mon May 19 23:48:49 MSK 2025","Mon May 19 23:49:24 MSK 2025","34400","","Критические дымовые тесты - Документы - Открытие, проведение, запись","","","","Запись элемента документа ""Кассовая смена"" (КассоваяСмена)",""
"passed","Tue May 20 00:12:25 MSK 2025","Tue May 20 00:12:33 MSK 2025","7892","","Казуальные дымовые тесты - Справочники - Запись","","","","Запись элемента справочника ""Складские ячейки"" (СкладскиеЯчейки)",""
"failed","Mon May 19 23:43:41 MSK 2025","Mon May 19 23:44:15 MSK 2025","33443","","Критические дымовые тесты - Документы - Открытие, проведение, запись","","","","Запись элемента документа ""Приходный ордер на товары"" (ПриходныйОрдерНаТовары)",""
"passed","Tue May 20 01:47:44 MSK 2025","Tue May 20 01:47:49 MSK 2025","5072","","Казуальные дымовые тесты - Справочники - Запись","","","","Запись элемента справочника ""Настройки выгрузки прайсов"" (НастройкиВыгрузкиПрайсов)",""
"failed","Mon May 19 23:52:51 MSK 2025","Mon May 19 23:53:05 MSK 2025","14684","","Критические дымовые тесты - Документы - Открытие, проведение, запись","","","","Запись элемента документа ""Ордер на перемещение товаров"" (ОрдерНаПеремещениеТоваров)",""
"passed","Tue May 20 01:52:34 MSK 2025","Tue May 20 01:52:39 MSK 2025","4843","","Казуальные дымовые тесты - Справочники - Запись","","","","Запись элемента справочника ""Качество"" (Качество)",""
"failed","Mon May 19 23:33:15 MSK 2025","Mon May 19 23:33:30 MSK 2025","15187","","Казуальные дымовые тесты - Документы - Открытие, проведение, запись","","","","Запись элемента документа ""Отчет комиссионера о списании"" (ОтчетКомиссионераОСписании)",""
"failed","Mon May 19 23:53:42 MSK 2025","Mon May 19 23:53:57 MSK 2025","14737","","Критические дымовые тесты - Документы - Открытие, проведение, запись","","","","Запись элемента документа ""Поступление товаров на склад"" (ПоступлениеТоваровНаСклад)",""
"failed","Mon May 19 23:36:31 MSK 2025","Mon May 19 23:36:55 MSK 2025","24022","","Казуальные дымовые тесты - Документы - Открытие, проведение, запись","","","","Запись элемента документа ""Заказ на эмиссию кодов маркировки СУЗ ИСМП"" (ЗаказНаЭмиссиюКодовМаркировкиСУЗ)",""
"passed","Tue May 20 01:06:42 MSK 2025","Tue May 20 01:06:47 MSK 2025","4874","","Казуальные дымовые тесты - Справочники - Запись","","","","Запись элемента группы справочника ""Детали тренажеров"" (ДеталиТренажеров)",""
"passed","Mon May 19 23:23:56 MSK 2025","Mon May 19 23:24:04 MSK 2025","7418","","Казуальные дымовые тесты - Документы - Открытие, проведение, запись","","","","Запись элемента документа ""Финансы маркетплейсов"" (ФинансыМаркетплейсов)",""
"passed","Mon May 19 23:05:51 MSK 2025","Mon May 19 23:06:03 MSK 2025","12191","","Заказ клиента на 10 позиций","","","","Закрыть окно о копии базы",""
"passed","Mon May 19 23:38:31 MSK 2025","Mon May 19 23:38:40 MSK 2025","8805","","Казуальные дымовые тесты - Документы - Открытие, проведение, запись","","","","Запись элемента документа ""Установка порогов оповещения остатков"" (УстановкаПороговОповещенияОстатков)",""
"passed","Tue May 20 01:14:00 MSK 2025","Tue May 20 01:14:56 MSK 2025","55900","","Казуальные дымовые тесты - Справочники - Запись","","","","Запись элемента группы справочника ""Виды цен (Колонки прайс-листа)"" (ВидыЦен)",""
"failed","Mon May 19 23:25:38 MSK 2025","Mon May 19 23:25:51 MSK 2025","13475","","Казуальные дымовые тесты - Документы - Открытие, проведение, запись","","","","Запись элемента документа ""Приход по коробкам"" (ПриходПоКоробкам)",""
"passed","Tue May 20 01:46:43 MSK 2025","Tue May 20 01:46:50 MSK 2025","6837","","Казуальные дымовые тесты - Справочники - Запись","","","","Запись элемента справочника ""Графики оплаты"" (ГрафикиОплаты)",""
"failed","Mon May 19 23:20:37 MSK 2025","Mon May 19 23:20:52 MSK 2025","15718","","Казуальные дымовые тесты - Документы - Открытие, проведение, запись","","","","Запись элемента документа ""Передача товаров между организациями"" (ПередачаТоваровМеждуОрганизациями)",""
"passed","Mon May 19 23:48:31 MSK 2025","Mon May 19 23:48:49 MSK 2025","17868","","Критические дымовые тесты - Документы - Открытие, проведение, запись","","","","Запись элемента документа ""Интерес/Обращение"" (CRM_Интерес)",""
"passed","Tue May 20 01:06:29 MSK 2025","Tue May 20 01:06:34 MSK 2025","4804","","Казуальные дымовые тесты - Справочники - Запись","","","","Запись элемента группы справочника ""Производители"" (Производители)",""
"failed","Mon May 19 23:48:10 MSK 2025","Mon May 19 23:48:25 MSK 2025","14986","","Критические дымовые тесты - Документы - Открытие, проведение, запись","","","","Запись элемента документа ""Приобретение услуг и прочих активов"" (ПриобретениеУслугПрочихАктивов)",""
"passed","Mon May 19 23:31:14 MSK 2025","Mon May 19 23:31:24 MSK 2025","9059","","Казуальные дымовые тесты - Документы - Открытие, проведение, запись","","","","Запись элемента документа ""Установка лимитов по картам сотрудников"" (УстановкаЛимитовПоКартамСотрудников)",""
"passed","Tue May 20 01:48:21 MSK 2025","Tue May 20 01:48:29 MSK 2025","7724","","Казуальные дымовые тесты - Справочники - Запись","","","","Запись элемента справочника ""Виды цен поставщиков"" (ВидыЦенПоставщиков)",""
"passed","Tue May 20 01:46:34 MSK 2025","Tue May 20 01:46:43 MSK 2025","8791","","Казуальные дымовые тесты - Справочники - Запись","","","","Запись элемента справочника ""Сегменты клиентов"" (СегментыПартнеров)",""
"failed","Tue May 20 01:08:38 MSK 2025","Tue May 20 01:08:54 MSK 2025","16121","","Казуальные дымовые тесты - Справочники - Запись","","","","Запись элемента группы справочника ""Статьи движения денежных средств"" (СтатьиДвиженияДенежныхСредств)",""
"passed","Mon May 19 23:22:41 MSK 2025","Mon May 19 23:22:55 MSK 2025","13195","","Казуальные дымовые тесты - Документы - Открытие, проведение, запись","","","","Запись элемента документа ""Вывод из оборота ИС МП"" (ВыводИзОборотаИСМП)",""
"passed","Tue May 20 01:08:03 MSK 2025","Tue May 20 01:08:11 MSK 2025","7711","","Казуальные дымовые тесты - Справочники - Запись","","","","Запись элемента справочника ""Пользовательские настройки отчетов"" (ПользовательскиеНастройкиОтчетов)",""
"passed","Tue May 20 01:08:28 MSK 2025","Tue May 20 01:08:38 MSK 2025","9743","","Казуальные дымовые тесты - Справочники - Запись","","","","Запись элемента справочника ""Банковские счета организаций"" (БанковскиеСчетаОрганизаций)",""
"failed","Mon May 19 23:46:46 MSK 2025","Mon May 19 23:47:01 MSK 2025","14543","","Критические дымовые тесты - Документы - Открытие, проведение, запись","","","","Запись элемента документа ""Приходный кассовый ордер"" (ПриходныйКассовыйОрдер)",""
"passed","Tue May 20 01:04:44 MSK 2025","Tue May 20 01:04:52 MSK 2025","7825","","Казуальные дымовые тесты - Справочники - Запись","","","","Запись элемента справочника ""Группы складских ячеек"" (ТСД_ГруппыСкладскихЯчеек)",""
"passed","Tue May 20 00:01:58 MSK 2025","Tue May 20 00:02:21 MSK 2025","23171","","Казуальные дымовые тесты - Справочники - Запись","","","","Закрыть окно о копии базы",""
"passed","Tue May 20 01:03:05 MSK 2025","Tue May 20 01:04:33 MSK 2025","87723","","Казуальные дымовые тесты - Справочники - Запись","","","","Запись элемента группы справочника ""Профили групп доступа"" (ПрофилиГруппДоступа)",""
"passed","Tue May 20 01:13:13 MSK 2025","Tue May 20 01:13:19 MSK 2025","5177","","Казуальные дымовые тесты - Справочники - Запись","","","","Запись элемента группы справочника ""Виды контактной информации"" (ВидыКонтактнойИнформации)",""
"failed","Mon May 19 23:21:38 MSK 2025","Mon May 19 23:21:52 MSK 2025","14313","","Казуальные дымовые тесты - Документы - Открытие, проведение, запись","","","","Запись элемента документа ""Операция по платежной карте"" (ОперацияПоПлатежнойКарте)",""
"passed","Mon May 19 23:38:40 MSK 2025","Mon May 19 23:38:49 MSK 2025","8893","","Казуальные дымовые тесты - Документы - Открытие, проведение, запись","","","","Запись элемента документа ""Эмиссия промокодов"" (ЭмиссияПромокодов)",""
"passed","Tue May 20 01:13:19 MSK 2025","Tue May 20 01:13:28 MSK 2025","8667","","Казуальные дымовые тесты - Справочники - Запись","","","","Запись элемента справочника ""Виды контактной информации"" (ВидыКонтактнойИнформации)",""
"passed","Tue May 20 00:54:51 MSK 2025","Tue May 20 00:55:22 MSK 2025","30776","","Казуальные дымовые тесты - Справочники - Запись","","","","Запись элемента справочника ""Виды номенклатуры"" (ВидыНоменклатуры)",""
"passed","Mon May 19 23:24:04 MSK 2025","Mon May 19 23:24:19 MSK 2025","15398","","Казуальные дымовые тесты - Документы - Открытие, проведение, запись","","","","Запись элемента документа ""Взаимодействие"" (CRM_Взаимодействие)",""
"failed","Mon May 19 23:29:23 MSK 2025","Mon May 19 23:29:37 MSK 2025","14535","","Казуальные дымовые тесты - Документы - Открытие, проведение, запись","","","","Запись элемента документа ""Инвентаризация"" (ТСД_Инвентаризация)",""
"passed","Tue May 20 01:52:06 MSK 2025","Tue May 20 01:52:13 MSK 2025","6867","","Казуальные дымовые тесты - Справочники - Запись","","","","Запись элемента справочника ""Типы маркетинговых акций"" (ТипыМаркетинговыхАкций)",""
"failed","Mon May 19 23:22:20 MSK 2025","Mon May 19 23:22:35 MSK 2025","14963","","Казуальные дымовые тесты - Документы - Открытие, проведение, запись","","","","Запись элемента документа ""Сверка взаиморасчетов"" (СверкаВзаиморасчетов)",""
"failed","Mon May 19 23:38:00 MSK 2025","Mon May 19 23:38:16 MSK 2025","15452","","Казуальные дымовые тесты - Документы - Открытие, проведение, запись","","","","Запись элемента документа ""Отчет комитенту о продажах"" (ОтчетКомитенту)",""
"failed","Mon May 19 23:28:11 MSK 2025","Mon May 19 23:28:35 MSK 2025","24593","","Казуальные дымовые тесты - Документы - Открытие, проведение, запись","","","","Запись элемента документа ""Расчет DDP"" (РасчетDDP)",""
"passed","Tue May 20 01:17:26 MSK 2025","Tue May 20 01:17:34 MSK 2025","7865","","Казуальные дымовые тесты - Справочники - Запись","","","","Запись элемента справочника ""Правила уценки товаров"" (ПравилаУценкиТоваров)",""
"failed","Mon May 19 23:37:01 MSK 2025","Mon May 19 23:37:18 MSK 2025","17056","","Казуальные дымовые тесты - Документы - Открытие, проведение, запись","","","","Запись элемента документа ""Исправление развернутого сальдо товаров организаций"" (ИсправлениеРазвернутогоСальдоТоваровОрганизаций)",""
"passed","Tue May 20 00:12:33 MSK 2025","Tue May 20 00:54:51 MSK 2025","2537745","","Казуальные дымовые тесты - Справочники - Запись","","","","Запись элемента группы справочника ""Виды номенклатуры"" (ВидыНоменклатуры)",""
"failed","Mon May 19 23:19:21 MSK 2025","Mon May 19 23:19:36 MSK 2025","14877","","Казуальные дымовые тесты - Документы - Открытие, проведение, запись","","","","Запись элемента документа ""Взаимозачет задолженности"" (ВзаимозачетЗадолженности)",""
"passed","Tue May 20 01:44:54 MSK 2025","Tue May 20 01:44:59 MSK 2025","4812","","Казуальные дымовые тесты - Справочники - Запись","","","","Запись элемента группы справочника ""Эквайринговые терминалы"" (ЭквайринговыеТерминалы)",""
"failed","Mon May 19 23:18:58 MSK 2025","Mon May 19 23:19:15 MSK 2025","17908","","Казуальные дымовые тесты - Документы - Открытие, проведение, запись","","","","Запись элемента документа ""Приобретение товаров и услуг"" (ПриобретениеТоваровУслуг)",""
"passed","Tue May 20 01:06:15 MSK 2025","Tue May 20 01:06:20 MSK 2025","4856","","Казуальные дымовые тесты - Справочники - Запись","","","","Запись элемента группы справочника ""Марки (бренды)"" (Марки)",""
"passed","Mon May 19 23:55:04 MSK 2025","Mon May 19 23:55:11 MSK 2025","7028","","Критические дымовые тесты - Документы - Открытие, проведение, запись","","","","Запись элемента документа ""Заявки на услуги сервиса и доставку"" (ЗаявкиНаУслугиСервиса)",""
"passed","Tue May 20 00:01:57 MSK 2025","Tue May 20 00:01:58 MSK 2025","1214","","Критические дымовые тесты - Документы - Открытие, проведение, запись","","","","Закрываем клиент тестирования",""
"passed","Tue May 20 01:02:43 MSK 2025","Tue May 20 01:02:57 MSK 2025","13821","","Казуальные дымовые тесты - Справочники - Запись","","","","Запись элемента справочника ""Пользователи"" (Пользователи)",""
"failed","Mon May 19 23:21:17 MSK 2025","Mon May 19 23:21:32 MSK 2025","15114","","Казуальные дымовые тесты - Документы - Открытие, проведение, запись","","","","Запись элемента документа ""Внутреннее потребление товаров"" (ВнутреннееПотреблениеТоваров)",""
"passed","Tue May 20 01:15:31 MSK 2025","Tue May 20 01:15:36 MSK 2025","4819","","Казуальные дымовые тесты - Справочники - Запись","","","","Запись элемента группы справочника ""Условия предоставления скидок (наценок)"" (УсловияПредоставленияСкидокНаценок)",""
"passed","Tue May 20 01:57:23 MSK 2025","Tue May 20 01:57:31 MSK 2025","7647","","Критические дымовые тесты - Справочники - Запись","","","","Запись элемента справочника ""Штрихкоды упаковок и товаров"" (ШтрихкодыУпаковокТоваров)",""
"failed","Mon May 19 23:26:50 MSK 2025","Mon May 19 23:27:04 MSK 2025","13960","","Казуальные дымовые тесты - Документы - Открытие, проведение, запись","","","","Запись элемента документа ""Распределение доходов по направлениям деятельности"" (РаспределениеДоходовПоНаправлениямДеятельности)",""
"passed","Tue May 20 01:44:38 MSK 2025","Tue May 20 01:44:46 MSK 2025","7820","","Казуальные дымовые тесты - Справочники - Запись","","","","Запись элемента справочника ""Сертификаты ключей электронной подписи и шифрования"" (СертификатыКлючейЭлектроннойПодписиИШифрования)",""
"passed","Tue May 20 00:55:22 MSK 2025","Tue May 20 00:55:54 MSK 2025","31779","","Казуальные дымовые тесты - Справочники - Запись","","","","Запись элемента группы справочника ""Дополнительные значения аналитик и субконто"" (бит_ДополнительныеЗначенияАналитик)",""
"failed","Mon May 19 23:24:48 MSK 2025","Mon May 19 23:25:01 MSK 2025","13694","","Казуальные дымовые тесты - Документы - Открытие, проведение, запись","","","","Запись элемента документа ""Списание недостач товаров"" (СписаниеНедостачТоваров)",""
"passed","Mon May 19 23:38:49 MSK 2025","Mon May 19 23:38:50 MSK 2025","1218","","Казуальные дымовые тесты - Документы - Открытие, проведение, запись","","","","Закрываем клиент тестирования",""
"passed","Tue May 20 01:08:11 MSK 2025","Tue May 20 01:08:20 MSK 2025","8864","","Казуальные дымовые тесты - Справочники - Запись","","","","Запись элемента справочника ""Складские помещения"" (СкладскиеПомещения)",""
"passed","Tue May 20 01:12:37 MSK 2025","Tue May 20 01:12:46 MSK 2025","8733","","Казуальные дымовые тесты - Справочники - Запись","","","","Запись элемента справочника ""Маркетинговые мероприятия"" (МаркетинговыеМероприятия)",""
"failed","Mon May 19 23:49:45 MSK 2025","Mon May 19 23:50:23 MSK 2025","38883","","Критические дымовые тесты - Документы - Открытие, проведение, запись","","","","Запись элемента документа ""Заявка на возврат товаров от клиента"" (ЗаявкаНаВозвратТоваровОтКлиента)",""
"failed","Mon May 19 23:47:29 MSK 2025","Mon May 19 23:47:44 MSK 2025","15854","","Критические дымовые тесты - Документы - Открытие, проведение, запись","","","","Запись элемента документа ""Расходный кассовый ордер"" (РасходныйКассовыйОрдер)",""
"failed","Mon May 19 23:42:49 MSK 2025","Mon May 19 23:43:15 MSK 2025","25196","","Критические дымовые тесты - Документы - Открытие, проведение, запись","","","","Запись элемента документа ""Заказ-наряд"" (ЗаказНаряд)",""
"passed","Tue May 20 01:53:01 MSK 2025","Tue May 20 01:53:09 MSK 2025","7833","","Казуальные дымовые тесты - Справочники - Запись","","","","Запись элемента справочника ""Иерархия дополнительных реквизитов"" (ИерархияДополнительныхРеквизитов)",""
"passed","Mon May 19 23:41:58 MSK 2025","Mon May 19 23:42:09 MSK 2025","11043","","Критические дымовые тесты - Документы - Открытие, проведение, запись","","","","Запись элемента документа ""Отбор товаров"" (ТСД_ОтборТоваров)",""
"passed","Mon May 19 23:25:57 MSK 2025","Mon May 19 23:26:06 MSK 2025","8360","","Казуальные дымовые тесты - Документы - Открытие, проведение, запись","","","","Запись элемента документа ""Заказ запчастей"" (ЗаказЗапчастей)",""
"passed","Tue May 20 01:48:05 MSK 2025","Tue May 20 01:48:13 MSK 2025","7766","","Казуальные дымовые тесты - Справочники - Запись","","","","Запись элемента справочника ""Сайты"" (Сайты)",""
"passed","Tue May 20 01:17:12 MSK 2025","Tue May 20 01:17:17 MSK 2025","4807","","Казуальные дымовые тесты - Справочники - Запись","","","","Запись элемента группы справочника ""Пользователи терминалов сбора данных"" (ТСД_Пользователи)",""
"passed","Mon May 19 23:38:50 MSK 2025","Mon May 19 23:39:13 MSK 2025","23185","","Критические дымовые тесты - Документы - Открытие, проведение, запись","","","","Закрыть окно о копии базы",""
"passed","Tue May 20 01:12:46 MSK 2025","Tue May 20 01:13:13 MSK 2025","27337","","Казуальные дымовые тесты - Справочники - Запись","","","","Запись элемента справочника ""Настройки почты"" (УчетныеЗаписиЭлектроннойПочты)",""
"passed","Tue May 20 01:51:41 MSK 2025","Tue May 20 01:51:49 MSK 2025","7896","","Казуальные дымовые тесты - Справочники - Запись","","","","Запись элемента справочника ""Наборы упаковок"" (НаборыУпаковок)",""
"failed","Mon May 19 23:59:48 MSK 2025","Tue May 20 00:00:03 MSK 2025","14773","","Критические дымовые тесты - Документы - Открытие, проведение, запись","","","","Запись элемента документа ""Ордер на отражение порчи товаров"" (ОрдерНаОтражениеПорчиТоваров)",""
"passed","Tue May 20 01:05:11 MSK 2025","Tue May 20 01:05:22 MSK 2025","10834","","Казуальные дымовые тесты - Справочники - Запись","","","","Запись элемента справочника ""Группы доступа"" (ГруппыДоступа)",""
"failed","Mon May 19 23:32:11 MSK 2025","Mon May 19 23:32:24 MSK 2025","12244","","Казуальные дымовые тесты - Документы - Открытие, проведение, запись","","","","Запись элемента документа ""Входящий электронный документ"" (ЭлектронныйДокументВходящийЭДО)",""
"passed","Tue May 20 01:50:18 MSK 2025","Tue May 20 01:50:32 MSK 2025","13704","","Казуальные дымовые тесты - Справочники - Запись","","","","Запись элемента группы справочника ""Зоны доставки"" (ЗоныДоставки)",""
"failed","Mon May 19 23:33:57 MSK 2025","Mon May 19 23:34:10 MSK 2025","12228","","Казуальные дымовые тесты - Документы - Открытие, проведение, запись","","","","Запись элемента документа ""Исходящий электронный документ"" (ЭлектронныйДокументИсходящийЭДО)",""
"passed","Tue May 20 00:56:25 MSK 2025","Tue May 20 00:56:30 MSK 2025","4861","","Казуальные дымовые тесты - Справочники - Запись","","","","Запись элемента группы справочника ""Потенциальные клиенты"" (CRM_ПотенциальныеКлиенты)",""
"passed","Mon May 19 23:28:41 MSK 2025","Mon May 19 23:29:23 MSK 2025","41381","","Казуальные дымовые тесты - Документы - Открытие, проведение, запись","","","","Запись элемента документа ""Форма ввода бюджета"" (бит_ФормаВводаБюджета)",""
"passed","Tue May 20 01:47:21 MSK 2025","Tue May 20 01:47:44 MSK 2025","22669","","Казуальные дымовые тесты - Справочники - Запись","","","","Запись элемента справочника ""Виды карт лояльности"" (ВидыКартЛояльности)",""
"failed","Mon May 19 23:18:32 MSK 2025","Mon May 19 23:18:51 MSK 2025","19560","","Казуальные дымовые тесты - Документы - Открытие, проведение, запись","","","","Запись элемента документа ""Распределение расходов"" (РаспределениеПрочихЗатрат)",""
"passed","Tue May 20 01:57:39 MSK 2025","Tue May 20 01:57:53 MSK 2025","13753","","Критические дымовые тесты - Справочники - Запись","","","","Запись элемента справочника ""Контрагенты"" (Контрагенты)",""
"passed","Mon May 19 23:27:45 MSK 2025","Mon May 19 23:28:11 MSK 2025","25846","","Казуальные дымовые тесты - Документы - Открытие, проведение, запись","","","","Запись элемента документа ""Операция (управленческий)"" (бит_ОперацияУправленческий)",""
"passed","Tue May 20 00:57:16 MSK 2025","Tue May 20 00:57:29 MSK 2025","12636","","Казуальные дымовые тесты - Справочники - Запись","","","","Запись элемента справочника ""Карты лояльности"" (КартыЛояльности)",""
"failed","Tue May 20 00:04:47 MSK 2025","Tue May 20 00:05:02 MSK 2025","14350","","Казуальные дымовые тесты - Справочники - Запись","","","","Запись элемента справочника ""Наборы дополнительных реквизитов и сведений"" (НаборыДополнительныхРеквизитовИСведений)",""
"passed","Tue May 20 01:17:17 MSK 2025","Tue May 20 01:17:26 MSK 2025","8395","","Казуальные дымовые тесты - Справочники - Запись","","","","Запись элемента справочника ""Пользователи терминалов сбора данных"" (ТСД_Пользователи)",""
"passed","Tue May 20 01:04:52 MSK 2025","Tue May 20 01:05:11 MSK 2025","18673","","Казуальные дымовые тесты - Справочники - Запись","","","","Запись группы элементов справочника ""Группы доступа"" (ГруппыДоступа)",""
"passed","Tue May 20 01:15:24 MSK 2025","Tue May 20 01:15:31 MSK 2025","6719","","Казуальные дымовые тесты - Справочники - Запись","","","","Запись элемента справочника ""Виды брака"" (ВидыБрака)",""
"failed","Mon May 19 23:39:14 MSK 2025","Mon May 19 23:39:41 MSK 2025","27803","","Критические дымовые тесты - Документы - Открытие, проведение, запись","","","","Запись элемента документа ""Заказ клиента"" (ЗаказКлиента)",""
"passed","Mon May 19 23:17:46 MSK 2025","Mon May 19 23:18:09 MSK 2025","23100","","Казуальные дымовые тесты - Документы - Открытие, проведение, запись","","","","Закрыть окно о копии базы",""
"passed","Mon May 19 23:35:38 MSK 2025","Mon May 19 23:35:49 MSK 2025","10258","","Казуальные дымовые тесты - Документы - Открытие, проведение, запись","","","","Запись элемента документа ""Инвентаризационная опись"" (ИнвентаризационнаяОпись)",""
"failed","Mon May 19 23:37:38 MSK 2025","Mon May 19 23:37:52 MSK 2025","13834","","Казуальные дымовые тесты - Документы - Открытие, проведение, запись","","","","Запись элемента документа ""Установка соответствия по менеджерам партнера"" (УстановкаСоответствияПоМенеджерамПартнера)",""
"passed","Tue May 20 00:02:49 MSK 2025","Tue May 20 00:02:56 MSK 2025","6776","","Казуальные дымовые тесты - Справочники - Запись","","","","Запись элемента справочника ""Коробки составных товаров"" (КоробкиСоставныхТоваров)",""
"failed","Mon May 19 23:32:32 MSK 2025","Mon May 19 23:32:47 MSK 2025","15394","","Казуальные дымовые тесты - Документы - Открытие, проведение, запись","","","","Запись элемента документа ""Акт о расхождениях после приемки"" (АктОРасхожденияхПослеПриемки)",""
"passed","Mon May 19 23:15:23 MSK 2025","Mon May 19 23:15:31 MSK 2025","8526","","Создание Заказа клиента и сборки","","","","Проверка печатной формы заказа на сборку",""
"passed","Tue May 20 01:45:21 MSK 2025","Tue May 20 01:45:29 MSK 2025","7671","","Казуальные дымовые тесты - Справочники - Запись","","","","Запись элемента справочника ""Типы коробок"" (ТипыКоробок)",""
"passed","Tue May 20 00:57:47 MSK 2025","Tue May 20 01:02:24 MSK 2025","276781","","Казуальные дымовые тесты - Справочники - Запись","","","","Запись элемента группы справочника ""Сегменты номенклатуры"" (СегментыНоменклатуры)",""
"passed","Tue May 20 01:15:16 MSK 2025","Tue May 20 01:15:24 MSK 2025","7726","","Казуальные дымовые тесты - Справочники - Запись","","","","Запись элемента справочника ""Настройки формирования остатков ФА (УОТ ФА)"" (CG_Online_НастройкиФормированияОстатков_ФА)",""
"passed","Tue May 20 00:57:37 MSK 2025","Tue May 20 00:57:47 MSK 2025","9750","","Казуальные дымовые тесты - Справочники - Запись","","","","Запись элемента справочника ""Соглашения об условиях закупок"" (СоглашенияСПоставщиками)",""
"passed","Tue May 20 01:09:02 MSK 2025","Tue May 20 01:09:10 MSK 2025","7646","","Казуальные дымовые тесты - Справочники - Запись","","","","Запись элемента справочника ""Статьи движения денежных средств"" (СтатьиДвиженияДенежныхСредств)",""
"passed","Tue May 20 01:53:26 MSK 2025","Tue May 20 01:53:34 MSK 2025","7886","","Казуальные дымовые тесты - Справочники - Запись","","","","Запись элемента справочника ""Валюты"" (Валюты)",""
"passed","Tue May 20 01:44:59 MSK 2025","Tue May 20 01:45:08 MSK 2025","8664","","Казуальные дымовые тесты - Справочники - Запись","","","","Запись элемента справочника ""Эквайринговые терминалы"" (ЭквайринговыеТерминалы)",""
"passed","Tue May 20 01:52:53 MSK 2025","Tue May 20 01:53:01 MSK 2025","7760","","Казуальные дымовые тесты - Справочники - Запись","","","","Запись элемента справочника ""Транспортные средства"" (ТранспортныеСредства)",""
"passed","Mon May 19 23:16:31 MSK 2025","Mon May 19 23:16:31 MSK 2025","20","","Заявка на расход ДС","","","","Закрыть окно о копии базы",""
"failed","Tue May 20 00:04:23 MSK 2025","Tue May 20 00:04:41 MSK 2025","18804","","Казуальные дымовые тесты - Справочники - Запись","","","","Запись элемента группы справочника ""Наборы дополнительных реквизитов и сведений"" (НаборыДополнительныхРеквизитовИСведений)",""
"failed","Mon May 19 23:18:10 MSK 2025","Mon May 19 23:18:23 MSK 2025","13878","","Казуальные дымовые тесты - Документы - Открытие, проведение, запись","","","","Запись элемента документа ""Электронное письмо исходящее"" (ЭлектронноеПисьмоИсходящее)",""
"failed","Mon May 19 23:20:58 MSK 2025","Mon May 19 23:21:11 MSK 2025","13067","","Казуальные дымовые тесты - Документы - Открытие, проведение, запись","","","","Запись элемента документа ""Расход по коробкам"" (РасходПоКоробкам)",""
"passed","Tue May 20 01:02:33 MSK 2025","Tue May 20 01:02:43 MSK 2025","9831","","Казуальные дымовые тесты - Справочники - Запись","","","","Запись элемента справочника ""Претензии"" (Претензии)",""
"passed","Mon May 19 23:53:32 MSK 2025","Mon May 19 23:53:42 MSK 2025","9135","","Критические дымовые тесты - Документы - Открытие, проведение, запись","","","","Запись элемента документа ""Транспортная накладная"" (ТранспортнаяНакладная)",""
"passed","Tue May 20 00:03:42 MSK 2025","Tue May 20 00:03:59 MSK 2025","16117","","Казуальные дымовые тесты - Справочники - Запись","","","","Запись элемента группы справочника ""Справочник БИК"" (КлассификаторБанков)",""
"failed","Mon May 19 23:42:09 MSK 2025","Mon May 19 23:42:22 MSK 2025","13730","","Критические дымовые тесты - Документы - Открытие, проведение, запись","","","","Запись элемента документа ""Отгрузка товаров"" (ТСД_ОтгрузкаТоваров)",""
"passed","Mon May 19 23:10:47 MSK 2025","Mon May 19 23:11:08 MSK 2025","21237","","Создание Заказа клиента и сборки","","","","сброс пароля пользователя",""
"passed","Tue May 20 00:57:29 MSK 2025","Tue May 20 00:57:37 MSK 2025","7662","","Казуальные дымовые тесты - Справочники - Запись","","","","Запись элемента справочника ""Бизнес-регионы"" (БизнесРегионы)",""
"passed","Tue May 20 01:48:13 MSK 2025","Tue May 20 01:48:21 MSK 2025","7837","","Казуальные дымовые тесты - Справочники - Запись","","","","Запись элемента справочника ""Фазы"" (Фазы)",""
"passed","Tue May 20 01:51:58 MSK 2025","Tue May 20 01:52:06 MSK 2025","7768","","Казуальные дымовые тесты - Справочники - Запись","","","","Запись элемента справочника ""Типоразмеры упаковок"" (ТипоразмерыУпаковок)",""
"passed","Tue May 20 01:53:09 MSK 2025","Tue May 20 01:53:18 MSK 2025","8742","","Казуальные дымовые тесты - Справочники - Запись","","","","Запись элемента справочника ""Производственные календари"" (ПроизводственныеКалендари)",""
"passed","Tue May 20 01:47:49 MSK 2025","Tue May 20 01:47:57 MSK 2025","7408","","Казуальные дымовые тесты - Справочники - Запись","","","","Запись элемента справочника ""Ставки НДС"" (СтавкиНДС)",""
"passed","Tue May 20 01:06:34 MSK 2025","Tue May 20 01:06:42 MSK 2025","7698","","Казуальные дымовые тесты - Справочники - Запись","","","","Запись элемента справочника ""Производители"" (Производители)",""
"passed","Tue May 20 00:02:56 MSK 2025","Tue May 20 00:03:04 MSK 2025","7877","","Казуальные дымовые тесты - Справочники - Запись","","","","Запись элемента справочника ""Банковские счета"" (БанковскиеСчетаКонтрагентов)",""
"passed","Tue May 20 01:52:39 MSK 2025","Tue May 20 01:52:44 MSK 2025","4850","","Казуальные дымовые тесты - Справочники - Запись","","","","Запись элемента группы справочника ""Графики работы"" (Календари)",""
"passed","Mon May 19 23:20:03 MSK 2025","Mon May 19 23:20:37 MSK 2025","34013","","Казуальные дымовые тесты - Документы - Открытие, проведение, запись","","","","Запись элемента документа ""Чек ККМ"" (ЧекККМ)",""
"passed","Tue May 20 01:45:44 MSK 2025","Tue May 20 01:46:08 MSK 2025","24136","","Казуальные дымовые тесты - Справочники - Запись","","","","Запись элемента справочника ""Рассылки отчетов"" (РассылкиОтчетов)",""
"passed","Tue May 20 01:46:22 MSK 2025","Tue May 20 01:46:34 MSK 2025","11797","","Казуальные дымовые тесты - Справочники - Запись","","","","Запись элемента группы справочника ""Сегменты клиентов"" (СегментыПартнеров)",""
"passed","Tue May 20 01:17:43 MSK 2025","Tue May 20 01:17:54 MSK 2025","10793","","Казуальные дымовые тесты - Справочники - Запись","","","","Запись элемента справочника ""Проекты"" (Проекты)",""
"failed","Mon May 19 23:45:02 MSK 2025","Mon May 19 23:45:17 MSK 2025","15480","","Критические дымовые тесты - Документы - Открытие, проведение, запись","","","","Запись элемента документа ""Перемещение товаров"" (ПеремещениеТоваров)",""
"failed","Mon May 19 23:24:19 MSK 2025","Mon May 19 23:24:33 MSK 2025","14106","","Казуальные дымовые тесты - Документы - Открытие, проведение, запись","","","","Запись элемента документа ""Расчет курсовых разниц"" (РасчетКурсовыхРазниц)",""
"failed","Mon May 19 23:23:35 MSK 2025","Mon May 19 23:23:50 MSK 2025","14976","","Казуальные дымовые тесты - Документы - Открытие, проведение, запись","","","","Запись элемента документа ""Перемещение по коробкам"" (ПеремещениеПоКоробкам)",""
"passed","Tue May 20 01:18:29 MSK 2025","Tue May 20 01:18:34 MSK 2025","4778","","Казуальные дымовые тесты - Справочники - Запись","","","","Запись элемента группы справочника ""Ключи расчета сводных таблиц"" (КлючиРасчетаСводныхТаблиц)",""
"failed","Tue May 20 01:55:20 MSK 2025","Tue May 20 01:55:49 MSK 2025","28948","","Критические дымовые тесты - Справочники - Запись","","","","Запись элемента справочника ""Объекты расчетов"" (ОбъектыРасчетов)",""
"passed","Tue May 20 01:15:45 MSK 2025","Tue May 20 01:15:54 MSK 2025","8844","","Казуальные дымовые тесты - Справочники - Запись","","","","Запись элемента справочника ""Настройки событий рассылок"" (НастройкиСобытийРассылок)",""
"passed","Tue May 20 01:18:34 MSK 2025","Tue May 20 01:44:14 MSK 2025","1539665","","Казуальные дымовые тесты - Справочники - Запись","","","","Запись элемента справочника ""Ключи расчета сводных таблиц"" (КлючиРасчетаСводныхТаблиц)",""
"failed","Mon May 19 23:26:06 MSK 2025","Mon May 19 23:26:25 MSK 2025","18935","","Казуальные дымовые тесты - Документы - Открытие, проведение, запись","","","","Запись элемента документа ""Сводная справка НДС"" (СводнаяСправкаНДС)",""
"passed","Mon May 19 23:17:35 MSK 2025","Mon May 19 23:17:44 MSK 2025","8954","","проверка формирования УПД","","","","Формирование УПД",""
"failed","Mon May 19 23:40:07 MSK 2025","Mon May 19 23:40:23 MSK 2025","16237","","Критические дымовые тесты - Документы - Открытие, проведение, запись","","","","Запись элемента документа ""Реализация товаров и услуг"" (РеализацияТоваровУслуг)",""
"passed","Mon May 19 23:52:29 MSK 2025","Mon May 19 23:52:51 MSK 2025","21469","","Критические дымовые тесты - Документы - Открытие, проведение, запись","","","","Запись элемента документа ""Коммерческое предложение клиенту"" (КоммерческоеПредложениеКлиенту)",""
"failed","Mon May 19 23:56:20 MSK 2025","Mon May 19 23:56:35 MSK 2025","14741","","Критические дымовые тесты - Документы - Открытие, проведение, запись","","","","Запись элемента документа ""Оприходование излишков товаров"" (ОприходованиеИзлишковТоваров)",""
"failed","Mon May 19 23:49:24 MSK 2025","Mon May 19 23:49:38 MSK 2025","14665","","Критические дымовые тесты - Документы - Открытие, проведение, запись","","","","Запись элемента документа ""Отчет о розничных продажах"" (ОтчетОРозничныхПродажах)",""
"failed","Mon May 19 23:43:20 MSK 2025","Mon May 19 23:43:35 MSK 2025","15274","","Критические дымовые тесты - Документы - Открытие, проведение, запись","","","","Запись элемента документа ""Списание безналичных денежных средств"" (СписаниеБезналичныхДенежныхСредств)",""
"passed","Mon May 19 23:38:21 MSK 2025","Mon May 19 23:38:31 MSK 2025","9130","","Казуальные дымовые тесты - Документы - Открытие, проведение, запись","","","","Запись элемента документа ""Отключение контроля себестоимости по номенклатуре"" (ОтключениеКонтроляМинимальнойСебестоимости)",""
"failed","Tue May 20 00:01:15 MSK 2025","Tue May 20 00:01:36 MSK 2025","21012","","Критические дымовые тесты - Документы - Открытие, проведение, запись","","","","Запись элемента документа ""Заказ на сборку (разборку)"" (ЗаказНаСборку)",""
"passed","Tue May 20 01:13:28 MSK 2025","Tue May 20 01:13:41 MSK 2025","12772","","Казуальные дымовые тесты - Справочники - Запись","","","","Запись элемента группы справочника ""Настройки загрузки номенклатуры"" (НастройкиЗагрузкиНоменклатуры)",""
"failed","Mon May 19 23:58:22 MSK 2025","Mon May 19 23:58:38 MSK 2025","15599","","Критические дымовые тесты - Документы - Открытие, проведение, запись","","","","Запись элемента документа ""Пересортица товаров"" (ПересортицаТоваров)",""
"failed","Mon May 19 23:41:15 MSK 2025","Mon May 19 23:41:31 MSK 2025","15657","","Критические дымовые тесты - Документы - Открытие, проведение, запись","","","","Запись элемента документа ""Заказ клиента (сервиса)"" (CG_Online_ЗаказКлиентаСервиса)",""
"passed","Tue May 20 01:04:33 MSK 2025","Tue May 20 01:04:44 MSK 2025","10731","","Казуальные дымовые тесты - Справочники - Запись","","","","Запись элемента справочника ""Профили групп доступа"" (ПрофилиГруппДоступа)",""
"failed","Mon May 19 23:55:31 MSK 2025","Mon May 19 23:55:46 MSK 2025","14264","","Критические дымовые тесты - Документы - Открытие, проведение, запись","","","","Запись элемента документа ""Размещение коробок"" (РазмещениеКоробок)",""
"passed","Tue May 20 01:15:54 MSK 2025","Tue May 20 01:16:02 MSK 2025","7708","","Казуальные дымовые тесты - Справочники - Запись","","","","Запись элемента справочника ""Цвета базовые"" (Цвета)",""
"passed","Mon May 19 23:16:17 MSK 2025","Mon May 19 23:16:17 MSK 2025","41","","Заявка на расход ДС","","","","выключение уведомлений",""
"failed","Tue May 20 01:05:22 MSK 2025","Tue May 20 01:05:36 MSK 2025","14018","","Казуальные дымовые тесты - Справочники - Запись","","","","Запись элемента справочника ""Наборы групп доступа"" (НаборыГруппДоступа)",""
"passed","Tue May 20 01:07:24 MSK 2025","Tue May 20 01:07:32 MSK 2025","7759","","Казуальные дымовые тесты - Справочники - Запись","","","","Запись элемента справочника ""Контейнеры заказов поставщику"" (КонтейнерыЗаказовПоставщику)",""
"failed","Mon May 19 23:47:50 MSK 2025","Mon May 19 23:48:04 MSK 2025","14324","","Критические дымовые тесты - Документы - Открытие, проведение, запись","","","","Запись элемента документа ""Отчет банка по операциям эквайринга"" (ОтчетБанкаПоОперациямЭквайринга)",""
"passed","Tue May 20 00:01:44 MSK 2025","Tue May 20 00:01:57 MSK 2025","12602","","Критические дымовые тесты - Документы - Открытие, проведение, запись","","","","Запись элемента документа ""Кэш регистрации серий"" (КэшРегистрацииСерий)",""
"passed","Mon May 19 23:45:24 MSK 2025","Mon May 19 23:46:05 MSK 2025","41184","","Критические дымовые тесты - Документы - Открытие, проведение, запись","","","","Запись элемента документа ""Заявка на расходование денежных средств (БИТ)"" (бит_кзн_ЗаявкаНаРасходованиеСредств)",""
"passed","Mon May 19 23:34:47 MSK 2025","Mon May 19 23:34:59 MSK 2025","11811","","Казуальные дымовые тесты - Документы - Открытие, проведение, запись","","","","Запись элемента документа ""Регистрация цен номенклатуры поставщика"" (РегистрацияЦенНоменклатурыПоставщика)",""
"failed","Tue May 20 01:58:19 MSK 2025","Tue May 20 01:58:48 MSK 2025","28790","","Критические дымовые тесты - Справочники - Запись","","","","Запись элемента справочника ""Характеристики номенклатуры"" (ХарактеристикиНоменклатуры)",""
"passed","Tue May 20 01:16:02 MSK 2025","Tue May 20 01:16:19 MSK 2025","16791","","Казуальные дымовые тесты - Справочники - Запись","","","","Запись элемента справочника ""Структура предприятия"" (СтруктураПредприятия)",""
"passed","Mon May 19 23:44:21 MSK 2025","Mon May 19 23:45:02 MSK 2025","41142","","Критические дымовые тесты - Документы - Открытие, проведение, запись","","","","Запись элемента документа ""Платежная позиция"" (бит_кзн_ПлатежнаяПозиция)",""
"passed","Tue May 20 01:07:16 MSK 2025","Tue May 20 01:07:24 MSK 2025","7879","","Казуальные дымовые тесты - Справочники - Запись","","","","Запись элемента справочника ""Оптовая классификация"" (ОптоваяКлассификация)",""
"passed","Tue May 20 01:44:46 MSK 2025","Tue May 20 01:44:54 MSK 2025","7633","","Казуальные дымовые тесты - Справочники - Запись","","","","Запись элемента справочника ""Настройки РМК"" (НастройкиРМК)",""
"failed","Mon May 19 23:32:53 MSK 2025","Mon May 19 23:33:10 MSK 2025","16131","","Казуальные дымовые тесты - Документы - Открытие, проведение, запись","","","","Запись элемента документа ""Корректировка реализации"" (КорректировкаРеализации)",""
"passed","Mon May 19 23:05:08 MSK 2025","Mon May 19 23:05:09 MSK 2025","1381","","Заказ клиента на 10 позиций","","","","выключение уведомлений",""
"passed","Tue May 20 01:51:30 MSK 2025","Tue May 20 01:51:41 MSK 2025","10832","","Казуальные дымовые тесты - Справочники - Запись","","","","Запись элемента справочника ""Направления деятельности"" (НаправленияДеятельности)",""
"failed","Tue May 20 00:00:50 MSK 2025","Tue May 20 00:01:09 MSK 2025","18949","","Критические дымовые тесты - Документы - Открытие, проведение, запись","","","","Запись элемента документа ""Согласование скидок"" (СогласованиеСкидок)",""
"passed","Mon May 19 23:25:28 MSK 2025","Mon May 19 23:25:38 MSK 2025","9463","","Казуальные дымовые тесты - Документы - Открытие, проведение, запись","","","","Запись элемента документа ""Возврат в оборот ИС МП"" (ВозвратВОборотИСМП)",""
"failed","Mon May 19 23:40:29 MSK 2025","Mon May 19 23:40:43 MSK 2025","14031","","Критические дымовые тесты - Документы - Открытие, проведение, запись","","","","Запись элемента документа ""Счет-фактура выданный"" (СчетФактураВыданный)",""
"passed","Mon May 19 23:16:42 MSK 2025","Mon May 19 23:17:05 MSK 2025","22750","","Заявка на расход ДС","","","","Формирование заявки на расход ДС",""
"passed","Tue May 20 00:03:04 MSK 2025","Tue May 20 00:03:15 MSK 2025","10760","","Казуальные дымовые тесты - Справочники - Запись","","","","Запись элемента справочника ""Соглашения об условиях продаж"" (СоглашенияСКлиентами)",""
"passed","Mon May 19 23:17:05 MSK 2025","Mon May 19 23:17:07 MSK 2025","1624","","Заявка на расход ДС","","","","Закрываем клиент тестирования",""
"passed","Tue May 20 01:07:53 MSK 2025","Tue May 20 01:08:03 MSK 2025","9923","","Казуальные дымовые тесты - Справочники - Запись","","","","Запись элемента справочника ""Договоры кредитов и депозитов"" (ДоговорыКредитовИДепозитов)",""
"failed","Mon May 19 23:30:33 MSK 2025","Mon May 19 23:30:48 MSK 2025","15019","","Казуальные дымовые тесты - Документы - Открытие, проведение, запись","","","","Запись элемента документа ""Пересчет товаров"" (ПересчетТоваров)",""
"failed","Mon May 19 23:31:24 MSK 2025","Mon May 19 23:31:40 MSK 2025","16161","","Казуальные дымовые тесты - Документы - Открытие, проведение, запись","","","","Запись элемента документа ""Корректировка регистров"" (КорректировкаРегистров)",""
"failed","Mon May 19 23:53:12 MSK 2025","Mon May 19 23:53:26 MSK 2025","14976","","Критические дымовые тесты - Документы - Открытие, проведение, запись","","","","Запись элемента документа ""Таможенная декларация на импорт"" (ТаможеннаяДекларацияИмпорт)",""
"passed","Mon May 19 23:16:17 MSK 2025","Mon May 19 23:16:31 MSK 2025","13272","","Заявка на расход ДС","","","","сброс пароля пользователя",""
"failed","Tue May 20 00:56:56 MSK 2025","Tue May 20 00:57:08 MSK 2025","11869","","Казуальные дымовые тесты - Справочники - Запись","","","","Запись элемента справочника ""Предопределенные варианты отчетов"" (ПредопределенныеВариантыОтчетов)",""
"passed","Tue May 20 00:12:15 MSK 2025","Tue May 20 00:12:25 MSK 2025","9827","","Казуальные дымовые тесты - Справочники - Запись","","","","Запись элемента группы справочника ""Складские ячейки"" (СкладскиеЯчейки)",""
